name,price,instrustor
Patrizius McVity,87,Hubert Gatheral
Clarice Caulwell,55,Loralyn Esome
Milton Clawe,79,Melony Cale
Rogerio Goor,82,Kayne Vallow
Guthrie Jennions,82,Wynn Antonacci
Ginelle Pryor,54,Allyson Buffin
Dexter Attrill,69,Martita Hegel
Russ Glenn,78,Elset Gibard
Ludovico Haselhurst,81,Oby Houseley
Siffre Rosedale,79,Palmer Sowrah
Olympie MacBean,96,Lukas Abramzon
Towny Whyte,84,Mariquilla Huddy
Trix Roberson,79,Brion Clell
Starlene Tomczykowski,53,Antonella Donegan
Dolorita Eberdt,64,Eryn Georgi
Maurice Wrintmore,80,Kliment Krolle
Gilda Lorain,81,Nissie Sutch
Asa Taffley,83,Gorden Clouter
Shannah Nickless,95,Doria Aisbett
Erinn Caldeyroux,76,Thomas Bartles
